employerID,companyName,companyType,city,phoneNum,email,workersAmount,created,additionalInfo,inserted_date
1,Orland,lectus,Uppsala,3809305,ohebner0@phpbb.com,3770,1,interdum mauris non ligula pellentesque ultrices phasellus id sapien in sapien iaculis congue vivamus metus arcu adipiscing molestie,7/22/2018
2,Murdock,ultrices,Montaneza,3809329,mstockin1@admin.ch,6799,1,tempor convallis nulla neque libero convallis eget eleifend luctus ultricies eu nibh quisque,3/30/2019
3,Kellby,hac,Mosfilo,3809382,kperfili2@sourceforge.net,9779,0,id consequat in consequat ut nulla sed accumsan felis ut at dolor quis odio consequat varius integer,5/16/2019
4,William,non,Maodao,3809320,wmardy3@clickbank.net,2939,1,quis augue luctus tincidunt nulla mollis molestie lorem quisque ut,9/14/2018
5,Gaby,congue,Punsu,3809374,grockhill4@dailymail.co.uk,7325,0,in leo maecenas pulvinar lobortis est phasellus sit amet erat nulla tempus vivamus in felis,2/12/2019
6,Anissa,ut,Jinrongjie,3809380,ahassent5@youtube.com,1267,1,donec vitae nisi nam ultrices libero non mattis pulvinar nulla pede ullamcorper augue a suscipit nulla elit,12/24/2018
7,Devondra,ultrices,Jinxiang,3809371,dcominoli6@tamu.edu,6312,0,mauris viverra diam vitae quam suspendisse potenti nullam porttitor lacus at turpis donec posuere metus vitae,10/12/2018
8,Annora,arcu,Grazhdanskoye,3809346,ahoulison7@mysql.com,7940,0,accumsan felis ut at dolor quis odio consequat varius integer ac leo pellentesque ultrices mattis odio donec vitae nisi,6/25/2018
9,Ileane,et,Manta,3809314,ijelley8@gnu.org,5578,1,eget eleifend luctus ultricies eu nibh quisque id justo sit amet sapien dignissim vestibulum,6/4/2018
10,Frasco,nam,Valbo,3809323,frablin9@wsj.com,5543,0,justo pellentesque viverra pede ac diam cras pellentesque volutpat dui maecenas tristique est et tempus semper est quam pharetra,9/7/2018
11,Gisela,est,Turan,3809375,gcrowtha@last.fm,7410,1,ipsum dolor sit amet consectetuer adipiscing elit proin risus praesent lectus,4/29/2019
12,Drake,convallis,Sikur,3809380,dgoodrichb@storify.com,2980,0,nulla ut erat id mauris vulputate elementum nullam varius nulla facilisi cras non velit nec nisi vulputate nonummy maecenas tincidunt,10/18/2018
13,Amye,lectus,Sorodot,3809374,abidwellc@creativecommons.org,4769,0,nunc donec quis orci eget orci vehicula condimentum curabitur in libero ut massa volutpat convallis morbi odio odio elementum eu,4/29/2019
14,Philomena,condimentum,Junshan,3809343,pmcilvennyd@weebly.com,6194,1,in imperdiet et commodo vulputate justo in blandit ultrices enim lorem ipsum dolor sit amet consectetuer adipiscing elit proin,4/18/2019
15,Hillier,blandit,Harjavalta,3809388,hcrutchere@typepad.com,9088,0,cras non velit nec nisi vulputate nonummy maecenas tincidunt lacus at velit vivamus vel nulla eget eros elementum pellentesque quisque,9/28/2018
16,Nan,nulla,San Juan,3809304,ngertzf@4shared.com,9323,1,lacus at turpis donec posuere metus vitae ipsum aliquam non mauris morbi non lectus aliquam,5/24/2019
17,Timmie,tortor,Xiongerzhai,3809374,tharcarseg@wikispaces.com,9416,0,duis mattis egestas metus aenean fermentum donec ut mauris eget massa tempor convallis nulla,6/15/2018
18,Levon,ultrices,Magallanes,3809397,lbrownsteinh@csmonitor.com,9589,0,hac habitasse platea dictumst etiam faucibus cursus urna ut tellus nulla ut erat id,7/2/2018
19,Sybille,venenatis,Limache,3809376,sbakhrushini@odnoklassniki.ru,8742,0,convallis nunc proin at turpis a pede posuere nonummy integer non velit donec diam,4/3/2019
20,Jessamine,et,Tangga,3809329,jacasterj@businessweek.com,2851,0,donec quis orci eget orci vehicula condimentum curabitur in libero ut massa volutpat convallis morbi odio odio,2/23/2019
21,Charline,donec,Debar,3809326,cweiserk@about.com,53,0,curae duis faucibus accumsan odio curabitur convallis duis consequat dui,8/18/2018
22,Erika,integer,Jiangbei,3809333,ebrandinl@squidoo.com,3724,1,ac neque duis bibendum morbi non quam nec dui luctus rutrum nulla tellus in sagittis,9/20/2018
23,Mischa,odio,Cibalieur,3809386,mschrinelm@uol.com.br,3840,1,risus auctor sed tristique in tempus sit amet sem fusce consequat nulla nisl nunc nisl duis bibendum felis,9/13/2018
24,Theresa,in,La Unin,3809337,tarrown@aol.com,792,0,nullam porttitor lacus at turpis donec posuere metus vitae ipsum aliquam non mauris morbi,9/2/2018
25,Joycelin,enim,Kolor,3809390,jcastelino@hhs.gov,5015,0,ullamcorper augue a suscipit nulla elit ac nulla sed vel enim sit amet nunc,5/31/2018
26,Greg,justo,Sungsang,3809349,ggressp@columbia.edu,7395,0,sagittis sapien cum sociis natoque penatibus et magnis dis parturient,3/21/2019
27,Daffie,pede,Ranua,3809321,dmessierq@state.tx.us,1528,0,eleifend pede libero quis orci nullam molestie nibh in lectus,10/8/2018
28,Giraud,tempor,Muskegon,3809357,gbourgetr@latimes.com,6980,1,nisl aenean lectus pellentesque eget nunc donec quis orci eget orci,9/17/2018
29,Devina,ut,Mengla,3809334,dchubbs@mashable.com,9010,0,eu orci mauris lacinia sapien quis libero nullam sit amet turpis elementum,4/17/2019
30,Audi,pede,Sitabamba,3809373,apoleyet@skype.com,4535,1,duis aliquam convallis nunc proin at turpis a pede posuere nonummy integer non velit donec diam neque vestibulum eget,8/11/2018
31,Anabella,mattis,Concordia,3809358,asawteru@xinhuanet.com,5552,1,eget eleifend luctus ultricies eu nibh quisque id justo sit amet,7/8/2018
32,Neilla,et,Lloqan,3809313,nargylev@soundcloud.com,6533,1,vulputate ut ultrices vel augue vestibulum ante ipsum primis in faucibus orci luctus et ultrices posuere,1/26/2019
33,Xever,cursus,Wenquan,3809341,xwillgoosew@go.com,865,1,vestibulum quam sapien varius ut blandit non interdum in ante vestibulum ante ipsum primis in faucibus orci luctus et,7/14/2018
34,Guthry,integer,Imperatriz,3809372,gbogeyx@guardian.co.uk,2208,1,in porttitor pede justo eu massa donec dapibus duis at velit,9/20/2018
35,Parke,est,Kiuruvesi,3809345,pgledey@exblog.jp,2003,1,sagittis dui vel nisl duis ac nibh fusce lacus purus aliquet at feugiat non pretium quis,12/15/2018
36,Gran,non,Spirit River,3809393,ggilliganz@devhub.com,1880,1,posuere cubilia curae donec pharetra magna vestibulum aliquet ultrices erat tortor sollicitudin mi sit amet lobortis sapien sapien non mi,9/26/2018
37,Stephi,volutpat,Niepos,3809307,siannetti10@tuttocitta.it,1861,1,natoque penatibus et magnis dis parturient montes nascetur ridiculus mus vivamus vestibulum sagittis sapien cum sociis,10/3/2018
38,Rochette,lectus,Yangsan,3809343,rgrewe11@reverbnation.com,4072,1,nunc vestibulum ante ipsum primis in faucibus orci luctus et ultrices posuere cubilia curae mauris viverra diam vitae,10/15/2018
39,Isabel,elit,IktƒÅbah,3809366,ikitchinghan12@liveinternet.ru,611,1,ullamcorper augue a suscipit nulla elit ac nulla sed vel enim sit amet nunc viverra dapibus nulla,10/4/2018
40,Pincus,cras,Volta Redonda,3809365,pjellis13@hugedomains.com,4925,1,dui vel sem sed sagittis nam congue risus semper porta volutpat quam pede lobortis ligula sit amet eleifend,5/11/2019
41,Kelvin,lorem,Zhenjiang,3809369,kteece14@scribd.com,9407,1,natoque penatibus et magnis dis parturient montes nascetur ridiculus mus vivamus vestibulum sagittis sapien,8/24/2018
42,Charmine,augue,Baih,3809354,cbristoe15@elegantthemes.com,864,1,integer ac leo pellentesque ultrices mattis odio donec vitae nisi nam ultrices libero non mattis pulvinar nulla pede ullamcorper,9/5/2018
43,Dame,faucibus,Lining,3809398,dsawden16@123-reg.co.uk,9064,1,duis aliquam convallis nunc proin at turpis a pede posuere nonummy integer non,4/27/2019
44,Rodina,ridiculus,Elele,3809398,rriddett17@bloglovin.com,561,0,accumsan odio curabitur convallis duis consequat dui nec nisi volutpat eleifend donec ut,6/22/2018
45,Sandor,posuere,Pacm,3809391,sliptrot18@google.pl,3000,0,lorem vitae mattis nibh ligula nec sem duis aliquam convallis nunc,9/21/2018
46,Karylin,in,Larnaca,3809390,kkasperski19@wired.com,2823,0,tellus nisi eu orci mauris lacinia sapien quis libero nullam,5/29/2019
47,Myra,mauris,Pochinki,3809309,mbrisson1a@blogspot.com,7761,0,risus auctor sed tristique in tempus sit amet sem fusce consequat nulla nisl nunc nisl duis bibendum,11/4/2018
48,Alfred,id,Sandayong Sur,3809370,abottrell1b@army.mil,2626,1,at turpis a pede posuere nonummy integer non velit donec diam neque vestibulum eget vulputate ut ultrices,8/5/2018
49,Fernando,in,Lule,3809308,fbreawood1c@shareasale.com,4795,1,duis consequat dui nec nisi volutpat eleifend donec ut dolor morbi vel lectus in quam fringilla rhoncus mauris,7/18/2018
50,Barthel,lacinia,Klippan,3809359,bguise1d@squarespace.com,6724,0,convallis nulla neque libero convallis eget eleifend luctus ultricies eu nibh quisque id,8/6/2018
51,Nikaniki,turpis,Tambaksari,3809322,nassaf1e@a8.net,3250,0,etiam vel augue vestibulum rutrum rutrum neque aenean auctor gravida sem praesent id massa id,7/5/2018
52,Karlik,nulla,Emprio,3809342,kleishman1f@gnu.org,1685,0,turpis integer aliquet massa id lobortis convallis tortor risus dapibus augue vel,7/8/2018
53,Dwayne,blandit,Negararatu,3809346,dorrice1g@cafepress.com,6886,0,habitasse platea dictumst morbi vestibulum velit id pretium iaculis diam erat fermentum justo,8/13/2018
54,Janifer,justo,West Hartford,3809374,jastling1h@princeton.edu,1609,0,leo pellentesque ultrices mattis odio donec vitae nisi nam ultrices libero,3/1/2019
55,Yul,vitae,Le Havre,3809338,yvoisey1i@comsenz.com,2356,1,ac leo pellentesque ultrices mattis odio donec vitae nisi nam ultrices libero,3/28/2019
56,Fanny,vestibulum,Santa Brbara,3809372,fmacphaden1j@networkadvertising.org,3140,1,pharetra magna ac consequat metus sapien ut nunc vestibulum ante ipsum primis in faucibus orci,7/23/2018
57,Rudolph,vestibulum,Aoji-ri,3809304,rwilgar1k@google.ru,9907,1,tincidunt ante vel ipsum praesent blandit lacinia erat vestibulum sed magna at nunc commodo placerat praesent blandit nam,8/23/2018
58,Roy,justo,Chipyela,3809366,rlamblot1l@php.net,4499,0,ligula nec sem duis aliquam convallis nunc proin at turpis,4/29/2019
59,Lotty,justo,Bartol,3809326,lmcdonand1m@phoca.cz,1638,1,nonummy integer non velit donec diam neque vestibulum eget vulputate ut ultrices vel augue vestibulum ante ipsum primis in,9/29/2018
60,Rab,nisi,Dvorovi,3809351,rgruszczak1n@youtu.be,9450,1,ut at dolor quis odio consequat varius integer ac leo pellentesque ultrices mattis odio donec vitae nisi nam,11/14/2018
61,Patrick,platea,Mengdong,3809321,parmstead1o@dropbox.com,6500,0,libero non mattis pulvinar nulla pede ullamcorper augue a suscipit nulla elit ac nulla sed vel enim sit amet,7/27/2018
62,Seth,elementum,Cakungsari,3809305,shanigan1p@alibaba.com,7963,1,placerat praesent blandit nam nulla integer pede justo lacinia eget tincidunt eget tempus vel pede morbi porttitor lorem,10/31/2018
63,Cordula,praesent,Lasi Dua,3809366,cgadman1q@bizjournals.com,5653,0,ac tellus semper interdum mauris ullamcorper purus sit amet nulla quisque arcu libero rutrum ac lobortis vel dapibus at,10/13/2018
64,Rosalynd,orci,Jiangqiao,3809399,rstrachan1r@ihg.com,7449,0,aliquet ultrices erat tortor sollicitudin mi sit amet lobortis sapien sapien non mi integer ac neque duis bibendum,11/17/2018
65,My,magnis,bie,3809326,mbreslauer1s@goodreads.com,7818,0,odio consequat varius integer ac leo pellentesque ultrices mattis odio donec vitae nisi nam,10/19/2018
66,Christabel,interdum,Qingyang,3809382,cmawtus1t@homestead.com,8392,0,imperdiet et commodo vulputate justo in blandit ultrices enim lorem ipsum dolor sit,7/1/2018
67,Carilyn,consectetuer,Loga,3809371,ccarwithen1u@de.vu,3253,1,nisi at nibh in hac habitasse platea dictumst aliquam augue quam sollicitudin vitae consectetuer eget rutrum,9/23/2018
68,Gusella,commodo,Berlin,3809343,goulet1v@histats.com,7248,1,feugiat et eros vestibulum ac est lacinia nisi venenatis tristique fusce congue diam id ornare imperdiet sapien,10/17/2018
69,Larine,nulla,Doksy,3809362,lcahn1w@github.io,238,1,risus semper porta volutpat quam pede lobortis ligula sit amet eleifend pede libero quis orci nullam molestie nibh in lectus,8/16/2018
70,Sallyann,rhoncus,Lajinha,3809320,socarney1x@wufoo.com,4439,0,sem mauris laoreet ut rhoncus aliquet pulvinar sed nisl nunc,10/18/2018
71,Roch,duis,Kondrovo,3809322,rveall1y@freewebs.com,3086,1,elementum pellentesque quisque porta volutpat erat quisque erat eros viverra eget congue eget semper,12/18/2018
72,Redford,tortor,Krivyanskaya,3809332,rphilipart1z@purevolume.com,2256,1,ante vestibulum ante ipsum primis in faucibus orci luctus et ultrices posuere cubilia curae duis faucibus accumsan,12/22/2018
73,Kristy,quisque,Ayagoz,3809388,kboxe20@fc2.com,8141,1,maecenas leo odio condimentum id luctus nec molestie sed justo pellentesque viverra pede ac diam cras pellentesque volutpat,2/26/2019
74,Harmony,gravida,Shalakusha,3809366,hbaert21@artisteer.com,5668,0,vivamus tortor duis mattis egestas metus aenean fermentum donec ut mauris eget massa tempor convallis nulla neque libero convallis,3/17/2019
75,Sunny,vel,Lianhe,3809317,sgrewar22@cbsnews.com,7377,0,in hac habitasse platea dictumst maecenas ut massa quis augue luctus tincidunt,2/6/2019
76,Catina,bibendum,Yamparez,3809304,clorenc23@ucoz.com,9322,0,adipiscing lorem vitae mattis nibh ligula nec sem duis aliquam convallis nunc proin at turpis a pede,5/17/2019
77,Brittney,vestibulum,Banjar Jagasatru,3809340,bchichgar24@blinklist.com,5827,0,condimentum curabitur in libero ut massa volutpat convallis morbi odio odio elementum eu,12/6/2018
78,Wallie,luctus,ng Th†nh,3809383,wstuckow25@sohu.com,5977,0,sagittis sapien cum sociis natoque penatibus et magnis dis parturient montes nascetur ridiculus mus,7/5/2018
79,Wes,rhoncus,Maputsoe,3809300,wlukock26@deviantart.com,3996,0,lacinia eget tincidunt eget tempus vel pede morbi porttitor lorem id ligula suspendisse ornare consequat lectus in est risus auctor,7/5/2018
80,Marin,nulla,TehrÅn,3809326,mkulas27@businesswire.com,8502,1,mi sit amet lobortis sapien sapien non mi integer ac neque duis bibendum morbi,8/16/2018
81,Kania,in,Riti,3809300,kchurn28@ucsd.edu,3513,1,vulputate vitae nisl aenean lectus pellentesque eget nunc donec quis orci eget orci,6/24/2018
82,Nicolas,ligula,Vila Verde,3809393,ncluely29@mayoclinic.com,9626,0,ac neque duis bibendum morbi non quam nec dui luctus rutrum nulla tellus,3/3/2019
83,Christyna,augue,La Roxas,3809376,ckeyho2a@tinypic.com,4517,0,a nibh in quis justo maecenas rhoncus aliquam lacus morbi quis,8/5/2018
84,Duncan,semper,Tigil,3809344,dkaines2b@newyorker.com,3928,0,leo odio porttitor id consequat in consequat ut nulla sed accumsan felis ut at dolor quis,6/2/2018
85,Ellerey,vulputate,Villeneuvevignon,3809379,erudham2c@ebay.com,8535,0,ipsum dolor sit amet consectetuer adipiscing elit proin interdum mauris,11/21/2018
86,Candide,mauris,Nkpor,3809377,ckelway2d@miibeian.gov.cn,7759,0,luctus nec molestie sed justo pellentesque viverra pede ac diam cras pellentesque volutpat dui maecenas,12/1/2018
87,Carleton,vel,Tubungan,3809364,cdrakers2e@telegraph.co.uk,6254,0,aenean sit amet justo morbi ut odio cras mi pede,4/7/2019
88,Lothaire,felis,Xiaoweizhai,3809393,lburtt2f@163.com,1678,0,hendrerit at vulputate vitae nisl aenean lectus pellentesque eget nunc donec quis orci eget orci vehicula condimentum,6/6/2018
89,Wilhelmine,in,Patenongan,3809375,wbizley2g@oakley.com,3151,0,ut mauris eget massa tempor convallis nulla neque libero convallis eget eleifend luctus ultricies,3/30/2019
90,Jacintha,habitasse,Xinshiba,3809310,jbindin2h@homestead.com,4841,0,at feugiat non pretium quis lectus suspendisse potenti in eleifend quam,4/23/2019
91,Candy,justo,Ankaran,3809311,ccalder2i@redcross.org,126,1,non mi integer ac neque duis bibendum morbi non quam nec dui luctus rutrum nulla tellus in,4/27/2019
92,Carmita,vulputate,Kota Bharu,3809350,cboakes2j@youtube.com,6744,1,ipsum dolor sit amet consectetuer adipiscing elit proin interdum mauris non ligula pellentesque ultrices,1/12/2019
93,Erny,orci,Suwalan,3809347,egyorgy2k@youku.com,5460,0,et ultrices posuere cubilia curae duis faucibus accumsan odio curabitur convallis duis consequat,7/31/2018
94,Mathilda,rhoncus,Dabou,3809365,mduding2l@dmoz.org,6850,0,etiam justo etiam pretium iaculis justo in hac habitasse platea dictumst etiam faucibus cursus,5/11/2019
95,Valle,integer,Ad Dawah,3809374,vruoff2m@hao123.com,8135,1,bibendum imperdiet nullam orci pede venenatis non sodales sed tincidunt eu felis fusce posuere felis sed lacus,6/19/2018
96,Monika,hac,Huazhuang,3809323,mdaout2n@360.cn,4117,1,lorem vitae mattis nibh ligula nec sem duis aliquam convallis,10/14/2018
97,Pablo,vestibulum,Rio de Moinhos,3809397,pmanjot2o@sbwire.com,6751,0,id turpis integer aliquet massa id lobortis convallis tortor risus dapibus augue vel accumsan tellus nisi eu orci mauris,5/29/2019
98,Lebbie,nulla,Meiktila,3809395,lvanderwalt2p@indiatimes.com,4303,0,adipiscing elit proin risus praesent lectus vestibulum quam sapien varius ut,1/30/2019
99,Christie,nibh,Tuepi,3809349,clenglet2q@house.gov,635,0,velit nec nisi vulputate nonummy maecenas tincidunt lacus at velit vivamus vel nulla eget eros elementum pellentesque quisque porta volutpat,10/20/2018
100,Adriano,pede,kiewka,3809397,ablacklidge2r@squarespace.com,3107,1,leo odio condimentum id luctus nec molestie sed justo pellentesque,5/30/2018
