orderID,customerID,orderNumber,orderName,orderHeaderID,stock,price,additionalInfo,inserted_date,updated_date
1,1,3942,Beck,10000,60,3511,vitae nisi nam ultrices libero non mattis pulvinar nulla pede ullamcorper augue a,2/10/2019,11/16/2018
2,2,7137,Meggi,10000,63,3593,nullam sit amet turpis elementum ligula vehicula consequat morbi a ipsum integer a,8/29/2018,1/30/2019
3,3,5150,Barnabas,10000,84,5143,tincidunt ante vel ipsum praesent blandit lacinia erat vestibulum sed,9/18/2018,7/27/2018
4,4,5527,Isadore,10000,22,4286,aliquet maecenas leo odio condimentum id luctus nec molestie sed justo pellentesque viverra pede ac diam cras,1/21/2019,6/8/2018
5,5,2969,Gussie,10000,11,3468,sed vestibulum sit amet cursus id turpis integer aliquet massa id,9/5/2018,1/22/2019
6,6,6339,Federico,10000,27,6031,risus auctor sed tristique in tempus sit amet sem fusce consequat nulla,3/18/2019,2/2/2019
7,7,8868,Monica,10000,70,6348,donec ut dolor morbi vel lectus in quam fringilla rhoncus mauris enim leo rhoncus sed,4/17/2019,12/28/2018
8,8,6490,Vallie,10000,71,8458,etiam justo etiam pretium iaculis justo in hac habitasse platea dictumst etiam faucibus,12/30/2018,5/4/2019
9,9,1952,Ninon,10000,75,4533,et magnis dis parturient montes nascetur ridiculus mus vivamus vestibulum sagittis sapien cum sociis natoque penatibus,11/5/2018,7/4/2018
10,10,6293,Pauly,10000,20,5172,aenean fermentum donec ut mauris eget massa tempor convallis nulla neque libero convallis,4/13/2019,8/22/2018
11,11,4593,Bevon,10000,69,8529,curae nulla dapibus dolor vel est donec odio justo sollicitudin ut,10/30/2018,8/2/2018
12,12,3993,Gunter,10000,59,9328,eget eros elementum pellentesque quisque porta volutpat erat quisque erat eros viverra eget congue eget,11/21/2018,4/5/2019
13,13,9007,Mandi,10000,47,3570,integer ac neque duis bibendum morbi non quam nec dui luctus rutrum nulla tellus in sagittis dui vel nisl,11/14/2018,1/27/2019
14,14,9509,Gavin,10000,26,2296,lacinia sapien quis libero nullam sit amet turpis elementum ligula vehicula consequat morbi,7/9/2018,8/2/2018
15,15,2664,Nil,10000,2,4446,vestibulum proin eu mi nulla ac enim in tempor turpis nec euismod scelerisque quam turpis adipiscing lorem,4/4/2019,6/24/2018
16,16,4849,Normand,10000,97,8520,mi pede malesuada in imperdiet et commodo vulputate justo in blandit ultrices enim lorem,8/1/2018,4/11/2019
17,17,6548,Charlton,10000,25,6473,iaculis diam erat fermentum justo nec condimentum neque sapien placerat ante nulla,1/1/2019,2/27/2019
18,18,8546,Lawry,10000,25,2921,augue quam sollicitudin vitae consectetuer eget rutrum at lorem integer tincidunt,10/31/2018,4/6/2019
19,19,5654,Cassondra,10000,77,9200,vestibulum ante ipsum primis in faucibus orci luctus et ultrices posuere cubilia curae donec pharetra magna vestibulum,8/13/2018,9/25/2018
20,20,9997,Berti,10000,49,6308,elementum nullam varius nulla facilisi cras non velit nec nisi vulputate,4/30/2019,8/2/2018
21,21,5641,Tracey,10000,60,7550,felis ut at dolor quis odio consequat varius integer ac leo pellentesque ultrices mattis odio donec vitae nisi nam ultrices,7/22/2018,2/2/2019
22,22,8464,Sharity,10000,69,9546,a feugiat et eros vestibulum ac est lacinia nisi venenatis tristique fusce congue diam id ornare,2/7/2019,1/7/2019
23,23,8402,Burton,10000,18,7318,integer pede justo lacinia eget tincidunt eget tempus vel pede morbi porttitor lorem id ligula,9/29/2018,7/20/2018
24,24,6564,Nancy,10000,65,6207,suscipit ligula in lacus curabitur at ipsum ac tellus semper interdum mauris ullamcorper purus sit,5/2/2019,6/15/2018
25,25,8061,Stanfield,10000,57,6588,gravida nisi at nibh in hac habitasse platea dictumst aliquam,3/28/2019,4/22/2019
26,26,1717,Jilli,10000,23,8442,sem mauris laoreet ut rhoncus aliquet pulvinar sed nisl nunc,4/1/2019,4/19/2019
27,27,6008,Fabe,10000,0,4670,erat tortor sollicitudin mi sit amet lobortis sapien sapien non mi integer ac,2/6/2019,7/19/2018
28,28,6651,Valle,10000,15,1142,tristique in tempus sit amet sem fusce consequat nulla nisl nunc nisl,10/21/2018,11/21/2018
29,29,4510,Hoebart,10000,67,5222,dictumst aliquam augue quam sollicitudin vitae consectetuer eget rutrum at lorem integer,3/10/2019,4/20/2019
30,30,3951,Hakim,10000,72,8163,massa id lobortis convallis tortor risus dapibus augue vel accumsan tellus,9/9/2018,7/11/2018
31,31,4989,Arlinda,10000,47,4695,eros vestibulum ac est lacinia nisi venenatis tristique fusce congue diam id ornare imperdiet sapien urna pretium nisl,6/16/2018,7/7/2018
32,32,6858,Zarla,10000,58,9921,congue diam id ornare imperdiet sapien urna pretium nisl ut volutpat,6/4/2018,12/9/2018
33,33,5291,Niall,10000,45,7260,in hac habitasse platea dictumst aliquam augue quam sollicitudin vitae consectetuer eget rutrum at lorem integer tincidunt ante vel,11/28/2018,10/31/2018
34,34,9386,Chick,10000,20,4728,dolor sit amet consectetuer adipiscing elit proin risus praesent lectus vestibulum quam sapien varius ut blandit non interdum,10/2/2018,6/9/2018
35,35,7147,Liva,10000,21,8007,morbi quis tortor id nulla ultrices aliquet maecenas leo odio condimentum id luctus,9/2/2018,11/18/2018
36,36,6751,Donovan,10000,77,5573,faucibus orci luctus et ultrices posuere cubilia curae mauris viverra diam vitae quam suspendisse potenti nullam,2/15/2019,12/17/2018
37,37,3396,Shena,10000,93,7657,mauris sit amet eros suspendisse accumsan tortor quis turpis sed ante vivamus tortor duis mattis,6/29/2018,8/2/2018
38,38,9821,Steffane,10000,15,6310,ac est lacinia nisi venenatis tristique fusce congue diam id,1/9/2019,3/13/2019
39,39,3243,Doreen,10000,19,3415,consectetuer eget rutrum at lorem integer tincidunt ante vel ipsum praesent blandit lacinia erat vestibulum sed magna,6/15/2018,4/15/2019
40,40,4632,Laurence,10000,29,5301,eleifend donec ut dolor morbi vel lectus in quam fringilla rhoncus,4/5/2019,12/9/2018
41,41,1059,Caprice,10000,22,9311,ac enim in tempor turpis nec euismod scelerisque quam turpis adipiscing lorem vitae mattis nibh ligula nec sem duis aliquam,3/25/2019,9/23/2018
42,42,6763,Burch,10000,1,9593,ut erat id mauris vulputate elementum nullam varius nulla facilisi,4/24/2019,10/21/2018
43,43,6728,Tessie,10000,66,6223,dis parturient montes nascetur ridiculus mus vivamus vestibulum sagittis sapien cum,5/30/2018,1/1/2019
44,44,1478,Hastings,10000,42,2592,pellentesque viverra pede ac diam cras pellentesque volutpat dui maecenas tristique est et tempus semper est quam pharetra magna,5/10/2019,2/17/2019
45,45,7986,Avivah,10000,1,8114,nulla ac enim in tempor turpis nec euismod scelerisque quam turpis adipiscing lorem,10/12/2018,6/19/2018
46,46,6570,Brooke,10000,47,6929,interdum mauris non ligula pellentesque ultrices phasellus id sapien in sapien iaculis congue vivamus metus,10/25/2018,5/3/2019
47,47,9207,Noni,10000,90,5876,erat nulla tempus vivamus in felis eu sapien cursus vestibulum proin eu mi nulla ac,11/17/2018,5/1/2019
48,48,1944,Ruthy,10000,47,1432,nonummy maecenas tincidunt lacus at velit vivamus vel nulla eget eros elementum pellentesque quisque porta volutpat erat quisque erat eros,9/4/2018,8/27/2018
49,49,9862,Andonis,10000,100,4847,ut erat id mauris vulputate elementum nullam varius nulla facilisi cras,9/7/2018,11/9/2018
50,50,3834,Selia,10000,40,9665,at velit eu est congue elementum in hac habitasse platea dictumst morbi,11/8/2018,8/29/2018
51,51,9273,Lou,10000,48,4234,purus aliquet at feugiat non pretium quis lectus suspendisse potenti in eleifend quam a odio,9/9/2018,5/2/2019
52,52,2628,Robin,10000,53,1323,pharetra magna vestibulum aliquet ultrices erat tortor sollicitudin mi sit amet lobortis sapien,8/24/2018,11/18/2018
53,53,3310,Emlyn,10000,32,8262,sodales scelerisque mauris sit amet eros suspendisse accumsan tortor quis turpis sed ante,8/14/2018,9/22/2018
54,54,5197,Irena,10000,96,9962,accumsan tortor quis turpis sed ante vivamus tortor duis mattis egestas metus aenean fermentum donec ut mauris eget massa,9/24/2018,3/25/2019
55,55,1854,Rutger,10000,69,5650,rhoncus aliquet pulvinar sed nisl nunc rhoncus dui vel sem sed sagittis nam congue risus semper,10/25/2018,4/22/2019
56,56,8890,Dorice,10000,16,6446,ultrices posuere cubilia curae mauris viverra diam vitae quam suspendisse potenti nullam porttitor lacus at turpis donec posuere,8/2/2018,3/27/2019
57,57,8005,Kristina,10000,3,9130,non mauris morbi non lectus aliquam sit amet diam in magna bibendum imperdiet nullam orci pede,3/22/2019,4/1/2019
58,58,1176,Alicea,10000,68,5251,fusce consequat nulla nisl nunc nisl duis bibendum felis sed interdum venenatis turpis,11/1/2018,4/18/2019
59,59,4917,Sinclare,10000,5,9431,pede lobortis ligula sit amet eleifend pede libero quis orci nullam molestie nibh,12/16/2018,2/27/2019
60,60,9561,Gretal,10000,65,5633,sapien placerat ante nulla justo aliquam quis turpis eget elit sodales scelerisque mauris sit amet eros,10/5/2018,8/15/2018
61,61,4469,Jenelle,10000,50,1279,at lorem integer tincidunt ante vel ipsum praesent blandit lacinia erat vestibulum sed magna at nunc commodo,12/16/2018,9/14/2018
62,62,7686,Dyna,10000,7,4931,volutpat dui maecenas tristique est et tempus semper est quam pharetra magna ac consequat metus,7/28/2018,9/16/2018
63,63,7528,Archibold,10000,2,2699,semper interdum mauris ullamcorper purus sit amet nulla quisque arcu libero rutrum ac lobortis,10/28/2018,5/13/2019
64,64,3009,Harmonia,10000,33,2789,commodo vulputate justo in blandit ultrices enim lorem ipsum dolor sit amet consectetuer adipiscing elit proin interdum mauris,5/29/2019,5/21/2019
65,65,6338,Vaughn,10000,91,5280,sed lacus morbi sem mauris laoreet ut rhoncus aliquet pulvinar sed nisl nunc rhoncus dui,1/21/2019,8/6/2018
66,66,2963,Teriann,10000,84,2190,proin interdum mauris non ligula pellentesque ultrices phasellus id sapien in sapien,6/9/2018,11/19/2018
67,67,9252,Aymer,10000,4,8333,vel lectus in quam fringilla rhoncus mauris enim leo rhoncus sed vestibulum sit amet,8/8/2018,4/12/2019
68,68,7980,Margalo,10000,82,8502,potenti in eleifend quam a odio in hac habitasse platea dictumst maecenas,6/24/2018,10/10/2018
69,69,7401,Carma,10000,25,6414,metus sapien ut nunc vestibulum ante ipsum primis in faucibus orci,4/15/2019,8/18/2018
70,70,3879,Gae,10000,78,6221,phasellus sit amet erat nulla tempus vivamus in felis eu sapien cursus vestibulum proin eu mi nulla ac,5/30/2018,11/27/2018
71,71,8543,Bearnard,10000,45,2826,dolor sit amet consectetuer adipiscing elit proin interdum mauris non ligula pellentesque ultrices phasellus id,6/19/2018,6/1/2018
72,72,5446,Bruis,10000,23,4970,vitae ipsum aliquam non mauris morbi non lectus aliquam sit amet diam in magna bibendum imperdiet nullam orci pede,5/23/2019,3/31/2019
73,73,5441,Tish,10000,37,8434,potenti nullam porttitor lacus at turpis donec posuere metus vitae ipsum,12/12/2018,9/26/2018
74,74,6681,Kanya,10000,56,5550,porttitor id consequat in consequat ut nulla sed accumsan felis ut at dolor quis odio consequat varius integer,8/27/2018,6/13/2018
75,75,7522,Carson,10000,87,3084,neque sapien placerat ante nulla justo aliquam quis turpis eget elit sodales scelerisque mauris sit,12/17/2018,5/15/2019
76,76,4274,Frederico,10000,54,5582,sapien placerat ante nulla justo aliquam quis turpis eget elit sodales scelerisque mauris sit amet eros suspendisse accumsan tortor quis,1/1/2019,1/26/2019
77,77,9649,Loretta,10000,95,6536,justo etiam pretium iaculis justo in hac habitasse platea dictumst etiam faucibus,7/7/2018,7/7/2018
78,78,1115,Gwynne,10000,87,6919,in hac habitasse platea dictumst maecenas ut massa quis augue,4/6/2019,6/29/2018
79,79,4035,Sonnie,10000,3,8922,sit amet turpis elementum ligula vehicula consequat morbi a ipsum integer a nibh in,6/26/2018,5/11/2019
80,80,5071,Clarence,10000,75,6043,mi nulla ac enim in tempor turpis nec euismod scelerisque quam turpis adipiscing lorem vitae mattis nibh ligula,9/7/2018,10/14/2018
81,81,4345,Alicea,10000,10,5041,nulla integer pede justo lacinia eget tincidunt eget tempus vel,11/23/2018,10/12/2018
82,82,1123,Ainslee,10000,30,1967,vestibulum ante ipsum primis in faucibus orci luctus et ultrices posuere cubilia curae donec pharetra,9/25/2018,12/13/2018
83,83,9829,Falkner,10000,42,1351,molestie sed justo pellentesque viverra pede ac diam cras pellentesque volutpat dui maecenas tristique est et,10/30/2018,4/27/2019
84,84,5248,Rossy,10000,70,691,sapien arcu sed augue aliquam erat volutpat in congue etiam justo etiam pretium iaculis,6/3/2018,3/27/2019
85,85,6917,Engelbert,10000,86,561,aliquam lacus morbi quis tortor id nulla ultrices aliquet maecenas leo odio condimentum,3/30/2019,1/31/2019
86,86,8167,Celia,10000,95,7166,lectus pellentesque at nulla suspendisse potenti cras in purus eu magna vulputate luctus cum sociis natoque penatibus et magnis dis,3/13/2019,3/31/2019
87,87,5917,Noelani,10000,91,3033,ac neque duis bibendum morbi non quam nec dui luctus rutrum nulla tellus in sagittis dui vel nisl duis ac,4/13/2019,6/29/2018
88,88,9993,Tabbie,10000,22,9333,nec molestie sed justo pellentesque viverra pede ac diam cras pellentesque volutpat dui maecenas tristique est et tempus semper est,11/12/2018,10/21/2018
89,89,4866,Tannie,10000,5,3639,in leo maecenas pulvinar lobortis est phasellus sit amet erat nulla tempus vivamus in,9/11/2018,12/21/2018
90,90,4394,Rosemarie,10000,32,9628,convallis nunc proin at turpis a pede posuere nonummy integer non velit donec diam neque vestibulum eget vulputate ut ultrices,7/22/2018,10/26/2018
91,91,9166,Aldous,10000,33,340,dictumst aliquam augue quam sollicitudin vitae consectetuer eget rutrum at lorem integer tincidunt ante vel ipsum praesent,2/28/2019,6/7/2018
92,92,5572,Crin,10000,2,7285,massa id nisl venenatis lacinia aenean sit amet justo morbi ut odio cras mi pede,4/29/2019,5/25/2019
93,93,7824,Dareen,10000,55,6205,dictumst etiam faucibus cursus urna ut tellus nulla ut erat id mauris vulputate elementum nullam varius nulla facilisi,3/10/2019,8/23/2018
94,94,4171,Ermentrude,10000,35,8371,varius ut blandit non interdum in ante vestibulum ante ipsum primis in faucibus orci luctus,12/27/2018,10/14/2018
95,95,1801,Anna-diana,10000,89,6135,eget rutrum at lorem integer tincidunt ante vel ipsum praesent blandit lacinia erat vestibulum sed,5/19/2019,9/20/2018
96,96,1173,Goraud,10000,16,3266,ultrices mattis odio donec vitae nisi nam ultrices libero non mattis pulvinar nulla pede ullamcorper augue a suscipit,1/16/2019,1/30/2019
97,97,3965,Johan,10000,17,3869,suscipit a feugiat et eros vestibulum ac est lacinia nisi,10/8/2018,8/26/2018
98,98,6307,Worth,10000,45,1284,natoque penatibus et magnis dis parturient montes nascetur ridiculus mus vivamus vestibulum sagittis sapien cum sociis natoque,12/2/2018,1/8/2019
99,99,4047,Tove,10000,75,4029,posuere cubilia curae nulla dapibus dolor vel est donec odio justo,7/2/2018,2/12/2019
100,100,7399,Barde,10000,89,8005,pede venenatis non sodales sed tincidunt eu felis fusce posuere felis sed,1/14/2019,1/9/2019
